"CONTENTID","HIBERNATEVERSION","CONTENTTYPE","TITLE","LOWERTITLE","VERSION","CREATOR","CREATIONDATE","LASTMODIFIER","LASTMODDATE","VERSIONCOMMENT","PREVVER","CONTENT_STATUS","PAGEID","SPACEID","CHILD_POSITION","PARENTID","PLUGINKEY","PLUGINVER","PARENTCCID","DRAFTPAGEID","DRAFTSPACEKEY","DRAFTTYPE","DRAFTPAGEVERSION","PARENTCOMMENTID","USERNAME"
"327681","1","USERINFO",,,"1",,"11/11/2020 03:20:04",,"11/11/2020 03:20:04",,,"current",,,,,,,,,,,,,"2c91808875b52eeb0175b55146640000"
"327682","1","GLOBALDESCRIPTION",,,"1",,"11/11/2020 03:20:04",,"11/11/2020 03:20:04",,,"current",,,,,,,,,,,,,
"327683","29","PAGE","Welcome to Unipower","welcome to unipower","2",,"11/11/2020 03:20:53","2c91808875b5653f0175b604f6a6001c","11/11/2020 09:39:53",,,"current",,"491521",,,,,,,,,,,
"327684","12","SPACEDESCRIPTION",,,"2","2c91808875b52eeb0175b5520aa60001","12/8/2015 17:14:17","2c91808875b52eeb0175b55146640000","11/11/2020 03:20:54",,,"current",,"491521",,,,,,,,,,,
"327685","3","ATTACHMENT","lock-icon.png","lock-icon.png","1",,"11/11/2020 03:20:53",,"11/11/2020 03:20:53",,,"current","327683","491521",,,,,,,,,,,
"327686","3","ATTACHMENT","Sameer.jpg","sameer.jpg","1",,"11/11/2020 03:20:53",,"11/11/2020 03:20:53",,,"current","327683","491521",,,,,,,,,,,
"327687","2","ATTACHMENT","Alana.jpg","alana.jpg","1",,"11/11/2020 03:20:53",,"11/11/2020 03:20:53",,,"current","327683","491521",,,,,,,,,,,
"327688","3","ATTACHMENT","peak.jpeg","peak.jpeg","1",,"11/11/2020 03:20:53",,"11/11/2020 03:20:53",,,"current","327683","491521",,,,,,,,,,,
"327689","2","ATTACHMENT","Harvey.jpg","harvey.jpg","1",,"11/11/2020 03:20:53",,"11/11/2020 03:20:53",,,"current","327683","491521",,,,,,,,,,,
"327690","2","ATTACHMENT","Cassie.jpg","cassie.jpg","1",,"11/11/2020 03:20:53",,"11/11/2020 03:20:53",,,"current","327683","491521",,,,,,,,,,,
"327692","10","SPACEDESCRIPTION",,,"1","2c91808875b52eeb0175b5520aa60001","12/8/2015 17:14:17","2c91808875b52eeb0175b55146640000","3/11/2015 13:10:49",,"327684","current",,,,,,,,,,,,,
"327693","5","PAGE","2020-11-11 会议纪要","2020-11-11 会议纪要","1","2c91808875b52eeb0175b55146640000","11/11/2020 03:20:56","2c91808875b52eeb0175b55146640000","11/11/2020 03:21:38",,,"current",,"491521",,,,,,,,,,,
"327694","1","ATTACHMENT","mobile_activity_screen.png","mobile_activity_screen.png","1","2c91808875b52eeb0175b55146640000","11/11/2020 03:20:56","2c91808875b52eeb0175b55146640000","11/11/2020 03:20:56",,,"current","327693","491521",,,,,,,,,,,
"327695","1","ATTACHMENT","mobile_login_screen.png","mobile_login_screen.png","1","2c91808875b52eeb0175b55146640000","11/11/2020 03:20:56","2c91808875b52eeb0175b55146640000","11/11/2020 03:20:56",,,"current","327693","491521",,,,,,,,,,,
"327696","1","ATTACHMENT","design_feedback.jpg","design_feedback.jpg","1","2c91808875b52eeb0175b55146640000","11/11/2020 03:20:56","2c91808875b52eeb0175b55146640000","11/11/2020 03:20:56",,,"current","327693","491521",,,,,,,,,,,
"327697","1","ATTACHMENT","cake.jpg","cake.jpg","1","2c91808875b52eeb0175b55146640000","11/11/2020 03:20:57","2c91808875b52eeb0175b55146640000","11/11/2020 03:20:57",,,"current","327693","491521",,,,,,,,,,,
"327698","1","ATTACHMENT","pie.png","pie.png","1","2c91808875b52eeb0175b55146640000","11/11/2020 03:20:57","2c91808875b52eeb0175b55146640000","11/11/2020 03:20:57",,,"current","327693","491521",,,,,,,,,,,
"327699","1","PAGE","2020-11-11 会议纪要","2020-11-11 会议纪要","1","2c91808875b52eeb0175b55146640000","11/11/2020 03:20:56","2c91808875b52eeb0175b55146640000","11/11/2020 03:21:38",,"327693","draft",,"491521",,,,,,,,,,,
"851969","4","PAGE","Welcome to Unipower","welcome to unipower","1","2c91808875b52eeb0175b55146640000","11/11/2020 03:20:53","2c91808875b5653f0175b604f6a6001c","11/11/2020 09:39:53",,"327683","draft",,"491521",,,,,,,,,,,
"851970","4","PAGE","运维","运维","1","2c91808875b52eeb0175b55146640000","11/11/2020 03:43:46","2c91808875b52eeb0175b55146640000","11/11/2020 03:43:54",,,"current",,"491521",,"327683",,,,,,,,,
"851971","1","PAGE","运维","运维","1","2c91808875b52eeb0175b55146640000","11/11/2020 03:43:46","2c91808875b52eeb0175b55146640000","11/11/2020 03:43:54",,"851970","draft",,"491521",,,,,,,,,,,
"851972","4","PAGE","Confluence搭建步骤","confluence搭建步骤","1","2c91808875b52eeb0175b55146640000","11/11/2020 03:44:05","2c91808875b52eeb0175b55146640000","11/11/2020 03:44:29",,,"current",,"491521",,"851970",,,,,,,,,
"851973","1","PAGE","Confluence搭建步骤","confluence搭建步骤","1","2c91808875b52eeb0175b55146640000","11/11/2020 03:44:05","2c91808875b52eeb0175b55146640000","11/11/2020 03:44:29",,"851972","draft",,"491521",,,,,,,,,,,
"851974","1","ATTACHMENT","global.logo","global.logo","1","2c91808875b52eeb0175b55146640000","11/11/2020 03:48:26","2c91808875b52eeb0175b55146640000","11/11/2020 03:48:26",,,"current","327682",,,,,,,,,,,,
"851975","1","PAGE",,,"1","2c91808875b52eeb0175b55146640000","11/11/2020 06:09:41","2c91808875b52eeb0175b55146640000","11/11/2020 06:09:41",,,"draft",,"491521",,"327683",,,,,,,,,
"852005","1","PAGE",,,"1","2c91808875b5653f0175b604f6a6001c","11/11/2020 06:38:57","2c91808875b5653f0175b604f6a6001c","11/11/2020 06:38:57",,,"draft",,"491521",,"851970",,,,,,,,,
"852006","4","PAGE","开发","开发","1","2c91808875b5653f0175b604f6a6001c","11/11/2020 06:39:04","2c91808875b5653f0175b604f6a6001c","11/11/2020 06:39:11",,,"current",,"491521",,"327683",,,,,,,,,
"852007","1","PAGE","开发","开发","1","2c91808875b5653f0175b604f6a6001c","11/11/2020 06:39:04","2c91808875b5653f0175b604f6a6001c","11/11/2020 06:39:11",,"852006","draft",,"491521",,,,,,,,,,,
"1671169","26","PAGE","unicloud","unicloud","1",,"11/11/2020 03:20:53",,"11/11/2020 03:20:53",,"327683","current",,,,,,,,,,,,,
"1671170","1","BLOGPOST",,,"1","2c91808875b5653f0175b604f6a6001c","11/11/2020 09:40:16","2c91808875b5653f0175b604f6a6001c","11/11/2020 09:40:16",,,"draft",,"491521",,,,,,,,,,,
"1671171","4","PAGE","数据库SQL","数据库sql","1","2c91808875b5653f0175b604f6a6001c","11/11/2020 09:40:33","2c91808875b5653f0175b604f6a6001c","11/11/2020 09:40:48",,,"current",,"491521",,"852006",,,,,,,,,
"1671172","1","PAGE",,,"1","2c91808875b5653f0175b604f6a6001c","11/11/2020 09:40:44","2c91808875b5653f0175b604f6a6001c","11/11/2020 09:40:44",,,"draft",,"491521",,"1671171",,,,,,,,,
"1671173","1","PAGE","数据库SQL","数据库sql","1","2c91808875b5653f0175b604f6a6001c","11/11/2020 09:40:33","2c91808875b5653f0175b604f6a6001c","11/11/2020 09:40:48",,"1671171","draft",,"491521",,,,,,,,,,,
